Item,Food Basics,FreshCo,Giant Tiger,Loblaws,Metro,No Frills,Sobeys,Superstore,Walmart
"2% Milk, 4L",$5.98,$6.44,$6.46,$6.44,$8.16,$6.25,$6.49,$6.44,"$7.08
i"
"Butter, Salted, 454g",$5.99,$5.99,$4.87,$5.99,$6.49,$6.00,$6.19,$4.97,"$4.97
i"
"Cheddar Cheese, Medium, 400g",$4.98,$5.00,$4.87,$4.99,$5.74,$4.99,$6.99,$5.49,"$5.98
i"
"Cream Cheese, 250g",$3.98,$2.99,$3.97,$3.99,$2.99,$2.99,$3.99,$3.00,"$3.97
i"
"Chicken Breast, Boneless Skinless, per kg",$12.50,$13.50,$11.03,$18.80,$20.92,$10.76,$21.58,$14.00,"$12.70
i"
"Ground Beef, Lean, per kg",$18.20,$10.00,$10.87,$21.70,$13.16,$18.30,$20.48,$18.72,"$16.70
i"
"Chicken Thighs, Bone-In, per kg",$9.90,$7.50,$11.59,$11.90,—,$7.47,$13.49,$10.34,"$8.00
i"
"White Bread, 675g",$2.48,$2.48,$1.97,$3.50,$3.19,$3.00,$2.49,$3.29,"$3.67
i"
"Whole Wheat Bread, 675g",$2.48,$2.48,$1.97,$2.48,$3.19,$2.48,$2.49,$2.50,"$2.48
i"
"Hamburger Buns, 8-pack",$7.99,$3.49,$2.50,$3.49,$4.69,$2.39,$4.29,$2.49,"$2.28
i"
"Bananas, per kg",$1.52,$1.52,$1.50,$1.96,$2.18,$1.52,$1.52,$1.52,"$1.50
i"
"Apples, ~2kg Bag",$4.99,$4.99,$3.97,$8.00,$2.97,$4.99,$6.99,$8.00,"$3.98
i"
"Strawberries, 454g",$4.99,$6.99,$3.97,$5.00,$4.99,$2.99,$4.99,$4.00,"$4.98
i"
"Oranges, per kg",$4.39,$3.06,$2.92,$4.40,$2.80,$3.70,$4.39,$3.90,"$3.96
i"
"Blueberries, Fresh 454g (1lb)",$3.99,$4.99,$4.84,$3.00,$3.99,$3.99,$4.99,$5.00,"$5.44
i"
"Potatoes, 10lb Bag",$5.98,$6.99,$3.94,$4.00,$6.99,$1.99,$5.99,$5.00,"$3.94
i"
"Onions, 3lb Bag",$1.99,$1.79,$1.47,$3.00,$1.99,$3.49,$2.99,$2.99,"$2.44
i"
"Carrots, 2lb Bag",$3.99,$2.99,$1.47,$3.00,$1.99,$3.49,$4.49,$3.00,"$2.44
i"
"Broccoli, per Head or Crown",$2.50,$6.59,$2.94,$2.50,$2.69,$1.49,$8.80,$1.49,"$1.94
i"
"Tomatoes, per kg",$5.49,$6.55,$4.23,$5.51,$6.10,$5.10,$6.59,$4.41,"$4.20
i"
"Romaine Lettuce, per Head",$2.88,$2.47,$3.97,$3.00,$1.99,$2.49,$2.49,$2.50,"$1.32
i"